{"nm":"Gallery","mn":"","layers":[{"ty":3,"nm":"Gallery - Null","mn":"","sr":1,"st":0,"op":87,"ip":0,"hd":false,"cl":"","ln":"","ddd":0,"bm":0,"hasMask":false,"ao":0,"ks":{"a":{"a":0,"k":[0,0]},"s":{"a":0,"k":[100,100]},"sk":{"a":0,"k":0},"p":{"a":0,"k":[0,0]},"r":{"a":0,"k":0},"sa":{"a":0,"k":0},"o":{"a":0,"k":100}},"ef":[],"ind":1},{"ty":3,"nm":"Union - Null","mn":"","sr":1,"st":0,"op":87,"ip":0,"hd":false,"cl":"","ln":"","ddd":0,"bm":0,"hasMask":false,"ao":0,"ks":{"a":{"a":0,"k":[0,0]},"s":{"a":0,"k":[100,100]},"sk":{"a":0,"k":0},"p":{"a":1,"k":[{"o":{"x":0.5,"y":0.35},"i":{"x":0.15,"y":1},"s":[548,71],"t":0,"ti":[0,0],"to":[0,0]},{"o":{"x":0.167,"y":0.167},"i":{"x":0.833,"y":0.833},"s":[319,71],"t":90}]},"r":{"a":0,"k":0},"sa":{"a":0,"k":0},"o":{"a":1,"k":[{"o":{"x":0.5,"y":0.35},"i":{"x":0.15,"y":1},"s":[0],"t":0},{"o":{"x":0.167,"y":0.167},"i":{"x":0.833,"y":0.833},"s":[100],"t":90}]}},"ef":[],"ind":2,"parent":1},{"ty":4,"nm":"Gallery - Mask","mn":"","sr":1,"st":0,"op":87,"ip":0,"hd":false,"cl":"","ln":"","ddd":0,"bm":0,"hasMask":false,"td":1,"ao":0,"ks":{"a":{"a":0,"k":[0,0]},"s":{"a":0,"k":[100,100]},"sk":{"a":0,"k":0},"p":{"a":0,"k":[0,0]},"r":{"a":0,"k":0},"sa":{"a":0,"k":0},"o":{"a":0,"k":100}},"ef":[],"shapes":[{"ty":"sh","bm":0,"cl":"","ln":"","hd":false,"mn":"","nm":"Path","d":1,"ks":{"a":0,"k":{"c":true,"i":[[0,0],[0,57.9899],[0,0],[-57.9899,0],[0,0],[0,-57.9899],[0,0],[57.9899,0],[0,0]],"o":[[-57.9899,0],[0,0],[0,-57.9899],[0,0],[57.989900000000034,0],[0,0],[0,57.989900000000034],[0,0],[0,0]],"v":[[105,656],[0,551],[0,105],[105,0],[615,0],[720,105],[720,551],[615,656],[105,656]]}}},{"ty":"fl","bm":0,"cl":"","ln":"","hd":false,"mn":"","nm":"Fill","c":{"a":0,"k":[0,1,0]},"r":1,"o":{"a":0,"k":100}}],"ind":3,"parent":1},{"ty":4,"nm":"Union","mn":"","sr":1,"st":0,"op":87,"ip":0,"hd":false,"cl":"","ln":"","ddd":0,"bm":0,"tt":1,"hasMask":false,"ao":0,"ks":{"a":{"a":0,"k":[0,0]},"s":{"a":0,"k":[100,100]},"sk":{"a":0,"k":0},"p":{"a":0,"k":[0,0]},"r":{"a":0,"k":0},"sa":{"a":0,"k":0},"o":{"a":1,"k":[{"o":{"x":0.5,"y":0.35},"i":{"x":0.15,"y":1},"s":[0],"t":0},{"o":{"x":0.167,"y":0.167},"i":{"x":0.833,"y":0.833},"s":[100],"t":90}]}},"ef":[],"shapes":[{"ty":"sh","bm":0,"cl":"","ln":"","hd":false,"mn":"","nm":"Path","d":1,"ks":{"a":0,"k":{"c":true,"i":[[0,0],[22.153,0],[9.5114,-16.433],[2.6719,0],[0,-25.129],[-29.5472,0],[-5.3124,1.503],[-24.14,0],[-10.476,18.5],[0,24.0362],[28.443,0],[5.752,-1.9186],[0,0]],"o":[[-8.713999999999999,-18.8734],[-20.352900000000005,0],[-2.566899999999997,-0.3216000000000001],[-29.5472,0],[0,25.129000000000005],[5.906100000000002,0],[10.066699999999997,19.747],[23.195999999999998,0],[27.576999999999998,-0.8499999999999943],[0,-24.576700000000002],[-6.534999999999997,0],[0,0],[0,0]],"v":[[158.961,31.9705],[109,0],[61.3649,27.4882],[53.5,27],[0,72.5],[53.5,118],[70.401,115.683],[125.5,149],[179.369,117.971],[229,73.5],[177.5,29],[158.961,31.9705],[158.961,31.9705]]}}},{"ty":"fl","bm":0,"cl":"","ln":"","hd":false,"mn":"","nm":"Fill","c":{"a":0,"k":[0.851,0.851,0.851]},"r":2,"o":{"a":0,"k":100}}],"ind":4,"parent":2},{"ty":3,"nm":"Gunung Depan - Null","mn":"","sr":1,"st":0,"op":87,"ip":0,"hd":false,"cl":"","ln":"","ddd":0,"bm":0,"hasMask":false,"ao":0,"ks":{"a":{"a":0,"k":[0,0]},"s":{"a":0,"k":[100,100]},"sk":{"a":0,"k":0},"p":{"a":0,"k":[109,280]},"r":{"a":0,"k":0},"sa":{"a":0,"k":0},"o":{"a":1,"k":[{"o":{"x":0.5,"y":0.35},"i":{"x":0.15,"y":1},"s":[0],"t":0},{"o":{"x":0.167,"y":0.167},"i":{"x":0.833,"y":0.833},"s":[100],"t":90}]}},"ef":[],"ind":5,"parent":1},{"ty":4,"nm":"Gallery - Mask","mn":"","sr":1,"st":0,"op":87,"ip":0,"hd":false,"cl":"","ln":"","ddd":0,"bm":0,"hasMask":false,"td":1,"ao":0,"ks":{"a":{"a":0,"k":[0,0]},"s":{"a":0,"k":[100,100]},"sk":{"a":0,"k":0},"p":{"a":0,"k":[0,0]},"r":{"a":0,"k":0},"sa":{"a":0,"k":0},"o":{"a":0,"k":100}},"ef":[],"shapes":[{"ty":"sh","bm":0,"cl":"","ln":"","hd":false,"mn":"","nm":"Path","d":1,"ks":{"a":0,"k":{"c":true,"i":[[0,0],[0,57.9899],[0,0],[-57.9899,0],[0,0],[0,-57.9899],[0,0],[57.9899,0],[0,0]],"o":[[-57.9899,0],[0,0],[0,-57.9899],[0,0],[57.989900000000034,0],[0,0],[0,57.989900000000034],[0,0],[0,0]],"v":[[105,656],[0,551],[0,105],[105,0],[615,0],[720,105],[720,551],[615,656],[105,656]]}}},{"ty":"fl","bm":0,"cl":"","ln":"","hd":false,"mn":"","nm":"Fill","c":{"a":0,"k":[0,1,0]},"r":1,"o":{"a":0,"k":100}}],"ind":6,"parent":1},{"ty":4,"nm":"Gunung Depan","mn":"","sr":1,"st":0,"op":87,"ip":0,"hd":false,"cl":"","ln":"","ddd":0,"bm":0,"tt":1,"hasMask":false,"ao":0,"ks":{"a":{"a":0,"k":[0,0]},"s":{"a":0,"k":[100,100]},"sk":{"a":0,"k":0},"p":{"a":0,"k":[0,0]},"r":{"a":0,"k":0},"sa":{"a":0,"k":0},"o":{"a":1,"k":[{"o":{"x":0.5,"y":0.35},"i":{"x":0.15,"y":1},"s":[0],"t":0},{"o":{"x":0.167,"y":0.167},"i":{"x":0.833,"y":0.833},"s":[100],"t":90}]}},"ef":[],"shapes":[{"ty":"sh","bm":0,"cl":"","ln":"","hd":false,"mn":"","nm":"Path","d":1,"ks":{"a":0,"k":{"c":true,"i":[[0,0],[36.6302,-37.2657],[0,0],[0,0],[0,0],[0,63.1205],[0,0],[76.8404,0],[0,0]],"o":[[-48.33726999999999,0],[0,0],[0,0],[0,0],[62.027739999999994,0],[0,0],[-45.62823000000003,-47.39694],[0,0],[0,0]],"v":[[455.6536,0],[322.3584,55.8937],[0,383.931],[3.8217,383.9999],[506.2355,383.9999],[619,269.2488],[619,86.0016],[455.6536,-0.0001],[455.6536,0]]}}},{"ty":"fl","bm":0,"cl":"","ln":"","hd":false,"mn":"","nm":"Fill","c":{"a":0,"k":[0.302,0.3608,0.4431]},"r":2,"o":{"a":0,"k":100}}],"ind":7,"parent":5},{"ty":3,"nm":"Gunung Belakang - Null","mn":"","sr":1,"st":0,"op":87,"ip":0,"hd":false,"cl":"","ln":"","ddd":0,"bm":0,"hasMask":false,"ao":0,"ks":{"a":{"a":0,"k":[0,0]},"s":{"a":0,"k":[100,100]},"sk":{"a":0,"k":0},"p":{"a":0,"k":[-11,392]},"r":{"a":0,"k":0},"sa":{"a":0,"k":0},"o":{"a":1,"k":[{"o":{"x":0.5,"y":0.35},"i":{"x":0.15,"y":1},"s":[0],"t":24.599999999999998},{"o":{"x":0.167,"y":0.167},"i":{"x":0.833,"y":0.833},"s":[100],"t":100.19999999999999}]}},"ef":[],"ind":8,"parent":1},{"ty":4,"nm":"Gallery - Mask","mn":"","sr":1,"st":0,"op":87,"ip":0,"hd":false,"cl":"","ln":"","ddd":0,"bm":0,"hasMask":false,"td":1,"ao":0,"ks":{"a":{"a":0,"k":[0,0]},"s":{"a":0,"k":[100,100]},"sk":{"a":0,"k":0},"p":{"a":0,"k":[0,0]},"r":{"a":0,"k":0},"sa":{"a":0,"k":0},"o":{"a":0,"k":100}},"ef":[],"shapes":[{"ty":"sh","bm":0,"cl":"","ln":"","hd":false,"mn":"","nm":"Path","d":1,"ks":{"a":0,"k":{"c":true,"i":[[0,0],[0,57.9899],[0,0],[-57.9899,0],[0,0],[0,-57.9899],[0,0],[57.9899,0],[0,0]],"o":[[-57.9899,0],[0,0],[0,-57.9899],[0,0],[57.989900000000034,0],[0,0],[0,57.989900000000034],[0,0],[0,0]],"v":[[105,656],[0,551],[0,105],[105,0],[615,0],[720,105],[720,551],[615,656],[105,656]]}}},{"ty":"fl","bm":0,"cl":"","ln":"","hd":false,"mn":"","nm":"Fill","c":{"a":0,"k":[0,1,0]},"r":1,"o":{"a":0,"k":100}}],"ind":9,"parent":1},{"ty":4,"nm":"Gunung Belakang","mn":"","sr":1,"st":0,"op":87,"ip":0,"hd":false,"cl":"","ln":"","ddd":0,"bm":0,"tt":1,"hasMask":false,"ao":0,"ks":{"a":{"a":0,"k":[0,0]},"s":{"a":0,"k":[100,100]},"sk":{"a":0,"k":0},"p":{"a":0,"k":[0,0]},"r":{"a":0,"k":0},"sa":{"a":0,"k":0},"o":{"a":1,"k":[{"o":{"x":0.5,"y":0.35},"i":{"x":0.15,"y":1},"s":[0],"t":24.599999999999998},{"o":{"x":0.167,"y":0.167},"i":{"x":0.833,"y":0.833},"s":[100],"t":100.19999999999999}]}},"ef":[],"shapes":[{"ty":"sh","bm":0,"cl":"","ln":"","hd":false,"mn":"","nm":"Path","d":1,"ks":{"a":0,"k":{"c":true,"i":[[0,0],[0,63.7023],[0,0],[-81.5893,0],[-51.8122,-23.4661],[0,0]],"o":[[-63.36908,-2.1304799999999773],[0,0],[53.20594,-32.28235],[56.00362000000001,0],[0,0],[0,0]],"v":[[114.5506,280],[0,161.8276],[0,52.1976],[196.1805,0.0001],[360,35.2347],[114.5506,280]]}}},{"ty":"fl","bm":0,"cl":"","ln":"","hd":false,"mn":"","nm":"Fill","c":{"a":0,"k":[0.2392,0.3059,0.4]},"r":2,"o":{"a":0,"k":100}}],"ind":10,"parent":8},{"ty":3,"nm":"Matahari - Null","mn":"","sr":1,"st":0,"op":87,"ip":0,"hd":false,"cl":"","ln":"","ddd":0,"bm":0,"hasMask":false,"ao":0,"ks":{"a":{"a":0,"k":[51.0001,51.0001]},"s":{"a":1,"k":[{"o":{"x":0.5,"y":0.35},"i":{"x":0.15,"y":1},"s":[0,0],"t":0},{"o":{"x":0.167,"y":0.167},"i":{"x":0.833,"y":0.833},"s":[100,100],"t":48}]},"sk":{"a":0,"k":0},"p":{"a":0,"k":[133.33890000000002,137.45620000000002]},"r":{"a":0,"k":0},"sa":{"a":0,"k":0},"o":{"a":1,"k":[{"o":{"x":0.5,"y":0.35},"i":{"x":0.15,"y":1},"s":[0],"t":0},{"o":{"x":0.167,"y":0.167},"i":{"x":0.833,"y":0.833},"s":[100],"t":90}]}},"ef":[],"ind":11,"parent":1},{"ty":4,"nm":"Gallery - Mask","mn":"","sr":1,"st":0,"op":87,"ip":0,"hd":false,"cl":"","ln":"","ddd":0,"bm":0,"hasMask":false,"td":1,"ao":0,"ks":{"a":{"a":0,"k":[0,0]},"s":{"a":0,"k":[100,100]},"sk":{"a":0,"k":0},"p":{"a":0,"k":[0,0]},"r":{"a":0,"k":0},"sa":{"a":0,"k":0},"o":{"a":0,"k":100}},"ef":[],"shapes":[{"ty":"sh","bm":0,"cl":"","ln":"","hd":false,"mn":"","nm":"Path","d":1,"ks":{"a":0,"k":{"c":true,"i":[[0,0],[0,57.9899],[0,0],[-57.9899,0],[0,0],[0,-57.9899],[0,0],[57.9899,0],[0,0]],"o":[[-57.9899,0],[0,0],[0,-57.9899],[0,0],[57.989900000000034,0],[0,0],[0,57.989900000000034],[0,0],[0,0]],"v":[[105,656],[0,551],[0,105],[105,0],[615,0],[720,105],[720,551],[615,656],[105,656]]}}},{"ty":"fl","bm":0,"cl":"","ln":"","hd":false,"mn":"","nm":"Fill","c":{"a":0,"k":[0,1,0]},"r":1,"o":{"a":0,"k":100}}],"ind":12,"parent":1},{"ty":4,"nm":"Matahari","mn":"","sr":1,"st":0,"op":87,"ip":0,"hd":false,"cl":"","ln":"","ddd":0,"bm":0,"tt":1,"hasMask":false,"ao":0,"ks":{"a":{"a":0,"k":[0,0]},"s":{"a":0,"k":[100,100]},"sk":{"a":0,"k":0},"p":{"a":0,"k":[0,0]},"r":{"a":0,"k":0},"sa":{"a":0,"k":0},"o":{"a":1,"k":[{"o":{"x":0.5,"y":0.35},"i":{"x":0.15,"y":1},"s":[0],"t":0},{"o":{"x":0.167,"y":0.167},"i":{"x":0.833,"y":0.833},"s":[100],"t":90}]}},"ef":[],"shapes":[{"ty":"sh","bm":0,"cl":"","ln":"","hd":false,"mn":"","nm":"Path","d":1,"ks":{"a":0,"k":{"c":true,"i":[[0,0],[28.1665,0],[0,28.1665],[-28.1665,0],[0,-28.1665],[0,0]],"o":[[0,28.166539999999998],[-28.16654,0],[0,-28.16654],[28.166539999999998,0],[0,0],[0,0]],"v":[[102.0001,51],[51.0001,102],[0.0001,51],[51.0001,0],[102.0001,51],[102.0001,51]]}}},{"ty":"fl","bm":0,"cl":"","ln":"","hd":false,"mn":"","nm":"Fill","c":{"a":0,"k":[1,0.7608,0.3216]},"r":1,"o":{"a":0,"k":100}}],"ind":13,"parent":11},{"ty":3,"nm":"Union - Null","mn":"","sr":1,"st":0,"op":87,"ip":0,"hd":false,"cl":"","ln":"","ddd":0,"bm":0,"hasMask":false,"ao":0,"ks":{"a":{"a":0,"k":[0,0]},"s":{"a":0,"k":[100,100]},"sk":{"a":0,"k":0},"p":{"a":1,"k":[{"o":{"x":0.5,"y":0.35},"i":{"x":0.15,"y":1},"s":[391,333],"t":54,"ti":[0,0],"to":[0,0]},{"o":{"x":0.167,"y":0.167},"i":{"x":0.833,"y":0.833},"s":[221,333],"t":102.00000000000001}]},"r":{"a":0,"k":0},"sa":{"a":0,"k":0},"o":{"a":1,"k":[{"o":{"x":0.5,"y":0.35},"i":{"x":0.15,"y":1},"s":[0],"t":54},{"o":{"x":0.167,"y":0.167},"i":{"x":0.833,"y":0.833},"s":[100],"t":102.00000000000001}]}},"ef":[],"ind":14,"parent":1},{"ty":4,"nm":"Gallery - Mask","mn":"","sr":1,"st":0,"op":87,"ip":0,"hd":false,"cl":"","ln":"","ddd":0,"bm":0,"hasMask":false,"td":1,"ao":0,"ks":{"a":{"a":0,"k":[0,0]},"s":{"a":0,"k":[100,100]},"sk":{"a":0,"k":0},"p":{"a":0,"k":[0,0]},"r":{"a":0,"k":0},"sa":{"a":0,"k":0},"o":{"a":0,"k":100}},"ef":[],"shapes":[{"ty":"sh","bm":0,"cl":"","ln":"","hd":false,"mn":"","nm":"Path","d":1,"ks":{"a":0,"k":{"c":true,"i":[[0,0],[0,57.9899],[0,0],[-57.9899,0],[0,0],[0,-57.9899],[0,0],[57.9899,0],[0,0]],"o":[[-57.9899,0],[0,0],[0,-57.9899],[0,0],[57.989900000000034,0],[0,0],[0,57.989900000000034],[0,0],[0,0]],"v":[[105,656],[0,551],[0,105],[105,0],[615,0],[720,105],[720,551],[615,656],[105,656]]}}},{"ty":"fl","bm":0,"cl":"","ln":"","hd":false,"mn":"","nm":"Fill","c":{"a":0,"k":[0,1,0]},"r":1,"o":{"a":0,"k":100}}],"ind":15,"parent":1},{"ty":4,"nm":"Union","mn":"","sr":1,"st":0,"op":87,"ip":0,"hd":false,"cl":"","ln":"","ddd":0,"bm":0,"tt":1,"hasMask":false,"ao":0,"ks":{"a":{"a":0,"k":[0,0]},"s":{"a":0,"k":[100,100]},"sk":{"a":0,"k":0},"p":{"a":0,"k":[0,0]},"r":{"a":0,"k":0},"sa":{"a":0,"k":0},"o":{"a":1,"k":[{"o":{"x":0.5,"y":0.35},"i":{"x":0.15,"y":1},"s":[0],"t":54},{"o":{"x":0.167,"y":0.167},"i":{"x":0.833,"y":0.833},"s":[100],"t":102.00000000000001}]}},"ef":[],"shapes":[{"ty":"sh","bm":0,"cl":"","ln":"","hd":false,"mn":"","nm":"Path","d":1,"ks":{"a":0,"k":{"c":true,"i":[[0,0],[16.4454,0],[7.0609,-12.1992],[1.9835,0],[0,-18.6547],[-21.9347,0],[-3.9437,1.1158],[-17.9208,0],[-7.777,13.7331],[0,17.8435],[21.114,0],[4.27,-1.4242],[0,0]],"o":[[-6.468999999999994,-14.01078],[-15.109099999999998,0],[-1.9055000000000035,-0.23880000000000123],[-21.9347,0],[0,18.654600000000002],[4.384399999999999,0],[7.472999999999999,14.659800000000004],[17.220100000000002,0],[20.47200000000001,-0.6308999999999969],[0,-18.2447],[-4.852000000000004,0],[0,0],[0,0]],"v":[[118.006,23.7335],[80.917,0],[45.5547,20.4061],[39.7162,20.0437],[0,53.821],[39.7162,87.5983],[52.2628,85.8782],[93.1659,110.611],[133.156,87.5769],[170,54.5633],[131.769,21.5284],[118.006,23.7335],[118.006,23.7335]]}}},{"ty":"fl","bm":0,"cl":"","ln":"","hd":false,"mn":"","nm":"Fill","c":{"a":0,"k":[0.851,0.851,0.851]},"r":2,"o":{"a":0,"k":100}}],"ind":16,"parent":14},{"ty":3,"nm":"Bg - Null","mn":"","sr":1,"st":0,"op":87,"ip":0,"hd":false,"cl":"","ln":"","ddd":0,"bm":0,"hasMask":false,"ao":0,"ks":{"a":{"a":0,"k":[0,0]},"s":{"a":0,"k":[100,100]},"sk":{"a":0,"k":0},"p":{"a":0,"k":[0,0]},"r":{"a":0,"k":0},"sa":{"a":0,"k":0},"o":{"a":0,"k":100}},"ef":[],"ind":17,"parent":1},{"ty":4,"nm":"Gallery - Mask","mn":"","sr":1,"st":0,"op":87,"ip":0,"hd":false,"cl":"","ln":"","ddd":0,"bm":0,"hasMask":false,"td":1,"ao":0,"ks":{"a":{"a":0,"k":[0,0]},"s":{"a":0,"k":[100,100]},"sk":{"a":0,"k":0},"p":{"a":0,"k":[0,0]},"r":{"a":0,"k":0},"sa":{"a":0,"k":0},"o":{"a":0,"k":100}},"ef":[],"shapes":[{"ty":"sh","bm":0,"cl":"","ln":"","hd":false,"mn":"","nm":"Path","d":1,"ks":{"a":0,"k":{"c":true,"i":[[0,0],[0,57.9899],[0,0],[-57.9899,0],[0,0],[0,-57.9899],[0,0],[57.9899,0],[0,0]],"o":[[-57.9899,0],[0,0],[0,-57.9899],[0,0],[57.989900000000034,0],[0,0],[0,57.989900000000034],[0,0],[0,0]],"v":[[105,656],[0,551],[0,105],[105,0],[615,0],[720,105],[720,551],[615,656],[105,656]]}}},{"ty":"fl","bm":0,"cl":"","ln":"","hd":false,"mn":"","nm":"Fill","c":{"a":0,"k":[0,1,0]},"r":1,"o":{"a":0,"k":100}}],"ind":18,"parent":1},{"ty":4,"nm":"Bg","mn":"","sr":1,"st":0,"op":87,"ip":0,"hd":false,"cl":"","ln":"","ddd":0,"bm":0,"tt":1,"hasMask":false,"ao":0,"ks":{"a":{"a":0,"k":[0,0]},"s":{"a":0,"k":[100,100]},"sk":{"a":0,"k":0},"p":{"a":0,"k":[0,0]},"r":{"a":0,"k":0},"sa":{"a":0,"k":0},"o":{"a":0,"k":100}},"ef":[],"shapes":[{"ty":"sh","bm":0,"cl":"","ln":"","hd":false,"mn":"","nm":"Path","d":1,"ks":{"a":0,"k":{"c":true,"i":[[0,0],[0,-61.5524],[0,0],[61.5969,0],[0,0],[0,61.5524],[0,0],[-61.5969,0],[0,0],[0,0]],"o":[[61.596900000000005,0],[0,0],[0,61.552400000000034],[0,0],[-61.5969,0],[0,0],[0,-61.5524],[0,0],[0,0],[0,0]],"v":[[608.469,0],[720,111.4505],[720,544.5496],[608.469,656.0001],[111.531,656.0001],[0,544.5496],[0,111.4505],[111.531,0],[111.531,0],[608.469,0]]}}},{"ty":"fl","bm":0,"cl":"","ln":"","hd":false,"mn":"","nm":"Fill","c":{"a":0,"k":[0.4627,0.698,0.8314]},"r":1,"o":{"a":0,"k":100}}],"ind":19,"parent":17},{"ty":4,"nm":"Gallery","mn":"","sr":1,"st":0,"op":87,"ip":0,"hd":false,"cl":"","ln":"","ddd":0,"bm":0,"hasMask":false,"ao":0,"ks":{"a":{"a":0,"k":[0,0]},"s":{"a":0,"k":[100,100]},"sk":{"a":0,"k":0},"p":{"a":0,"k":[0,0]},"r":{"a":0,"k":0},"sa":{"a":0,"k":0},"o":{"a":0,"k":100}},"ef":[],"shapes":[{"ty":"sh","bm":0,"cl":"","ln":"","hd":false,"mn":"","nm":"Path","d":1,"ks":{"a":0,"k":{"c":true,"i":[[0,0],[0,57.9899],[0,0],[-57.9899,0],[0,0],[0,-57.9899],[0,0],[57.9899,0],[0,0]],"o":[[-57.9899,0],[0,0],[0,-57.9899],[0,0],[57.989900000000034,0],[0,0],[0,57.989900000000034],[0,0],[0,0]],"v":[[105,656],[0,551],[0,105],[105,0],[615,0],[720,105],[720,551],[615,656],[105,656]]}}},{"ty":"fl","bm":0,"cl":"","ln":"","hd":false,"mn":"","nm":"Fill","c":{"a":0,"k":[1,1,1]},"r":1,"o":{"a":0,"k":22}}],"ind":20,"parent":1}],"ddd":0,"h":656,"w":720,"meta":{"a":"","k":"","d":"","g":"Aninix","tc":"#000000"},"v":"5.9.6","fr":60,"op":87,"ip":0,"assets":[]}