{"nm":"trash-to-tick-v2","mn":"","layers":[{"ty":4,"nm":"Shape Layer 1","mn":"","sr":1,"st":-18,"op":60,"ip":24,"hd":false,"cl":"","ln":"","ddd":0,"bm":0,"hasMask":false,"ao":0,"ks":{"a":{"a":0,"k":[0,0,0]},"s":{"a":0,"k":[100,100,100]},"sk":{"a":0,"k":0},"p":{"a":0,"k":[23.219,22.875,0]},"r":{"a":0,"k":0},"sa":{"a":0,"k":0},"o":{"a":0,"k":100}},"ef":[],"shapes":[{"ty":"gr","bm":0,"cl":"","ln":"","hd":false,"mn":"","nm":"Shape 1","np":0,"it":[{"ty":"sh","bm":0,"cl":"","ln":"","hd":false,"mn":"","nm":"Path 1","d":1,"ks":{"a":0,"k":{"c":false,"i":[[0,0],[0,0],[0,0]],"o":[[0,0],[0,0],[0,0]],"v":[[-10.938,2.375],[-2,9.688],[13.688,-9.625]]}}},{"ty":"st","bm":0,"cl":"","ln":"","hd":false,"mn":"","nm":"Stroke 1","lc":2,"lj":2,"ml":1,"o":{"a":0,"k":100},"w":{"a":0,"k":3},"d":[],"c":{"a":0,"k":[0.8314,0.2745,0.2745]}},{"ty":"tr","a":{"a":0,"k":[0,0]},"s":{"a":0,"k":[100,100]},"sk":{"a":0,"k":0},"p":{"a":0,"k":[0,0]},"r":{"a":0,"k":0},"sa":{"a":0,"k":0},"o":{"a":0,"k":100}}]},{"ty":"tm","bm":0,"cl":"","ln":"","hd":false,"mn":"","nm":"Trim Paths 1","e":{"a":1,"k":[{"o":{"x":0.75,"y":0},"i":{"x":0.87,"y":1},"s":[0],"t":25},{"o":{"x":0.75,"y":0},"i":{"x":0.87,"y":1},"s":[92],"t":36},{"o":{"x":0.167,"y":0.167},"i":{"x":0.833,"y":0.833},"s":[84],"t":41}]},"o":{"a":0,"k":0},"s":{"a":1,"k":[{"o":{"x":0.75,"y":0},"i":{"x":0.87,"y":1},"s":[0],"t":25},{"o":{"x":0.75,"y":0},"i":{"x":0.87,"y":1},"s":[19],"t":36},{"o":{"x":0.167,"y":0.167},"i":{"x":0.833,"y":0.833},"s":[9],"t":41}]},"m":1}],"ind":1},{"ty":4,"nm":"stripes Outlines 2","mn":"","sr":1,"st":14,"op":18,"ip":14,"hd":false,"cl":"","ln":"","ddd":0,"bm":0,"hasMask":false,"ao":0,"ks":{"a":{"a":0,"k":[16,19.961,0]},"s":{"a":0,"k":[80,80,100]},"sk":{"a":0,"k":0},"p":{"a":1,"k":[{"o":{"x":0.81,"y":0},"i":{"x":0.19,"y":1},"s":[24,27.274,0],"t":8,"ti":[0,-3.427,0],"to":[0,0.115,0]},{"o":{"x":0.81,"y":0},"i":{"x":0.19,"y":1},"s":[24,27.961,0],"t":14,"ti":[0,-3.312,0],"to":[0,3.427,0]},{"o":{"x":0.167,"y":0.167},"i":{"x":0.833,"y":0.833},"s":[24,47.836,0],"t":18}]},"r":{"a":0,"k":0},"sa":{"a":0,"k":0},"o":{"a":0,"k":100}},"ef":[],"shapes":[{"ty":"gr","bm":0,"cl":"","ln":"","hd":false,"mn":"","nm":"Group 1","np":0,"it":[{"ty":"sh","bm":0,"cl":"","ln":"","hd":false,"mn":"","nm":"Path 2","d":1,"ks":{"a":0,"k":{"c":true,"i":[[0,0],[-0.414,0],[0,-0.414],[0,0],[0.414,0],[0,0.414]],"o":[[0,-0.414],[0.414,0],[0,0],[0,0.414],[-0.414,0],[0,0]],"v":[[-0.75,-5.981],[0,-6.731],[0.75,-5.981],[0.75,5.981],[0,6.731],[-0.75,5.981]]}}},{"ty":"mm","bm":0,"cl":"","ln":"","hd":false,"mn":"","nm":"Merge Paths 1","mm":1},{"ty":"fl","bm":0,"cl":"","ln":"","hd":false,"mn":"","nm":"Fill 1","c":{"a":0,"k":[0.8314,0.2745,0.2745]},"r":1,"o":{"a":0,"k":100}},{"ty":"tr","a":{"a":0,"k":[0,0]},"s":{"a":0,"k":[100,100]},"sk":{"a":0,"k":0},"p":{"a":0,"k":[16,19.961]},"r":{"a":0,"k":0},"sa":{"a":0,"k":0},"o":{"a":0,"k":100}}]}],"ind":2},{"ty":4,"nm":"stripes Outlines","mn":"","sr":1,"st":-14,"op":14,"ip":0,"hd":false,"cl":"","ln":"","ddd":0,"bm":0,"hasMask":false,"ao":0,"ks":{"a":{"a":0,"k":[16,19.961,0]},"s":{"a":0,"k":[80,80,100]},"sk":{"a":0,"k":0},"p":{"a":0,"k":[24,27.274,0]},"r":{"a":0,"k":0},"sa":{"a":0,"k":0},"o":{"a":0,"k":100}},"ef":[],"shapes":[{"ty":"gr","bm":0,"cl":"","ln":"","hd":false,"mn":"","nm":"Group 1","np":0,"it":[{"ty":"sh","bm":0,"cl":"","ln":"","hd":false,"mn":"","nm":"Path 1","d":1,"ks":{"a":1,"k":[{"o":{"x":0.333,"y":0},"i":{"x":0.86,"y":1},"s":[{"c":true,"i":[[0,0],[-0.414,0],[0,-0.414],[0,0],[0.414,0],[0,0.414]],"o":[[0,-0.414],[0.414,0],[0,0],[0,0.414],[-0.414,0],[0,0]],"v":[[3.25,-5.981],[4,-6.731],[4.75,-5.981],[4.75,5.981],[4,6.731],[3.25,5.981]]}],"t":7},{"o":{"x":0.167,"y":0},"i":{"x":0.86,"y":1},"s":[{"c":true,"i":[[0,0],[-0.414,0],[0,-0.414],[0,0],[0.414,0],[0,0.414]],"o":[[0,-0.414],[0.414,0],[0,0],[0,0.414],[-0.414,0],[0,0]],"v":[[-0.875,-6],[-0.125,-6.75],[0.625,-6],[0.625,5.962],[-0.125,6.712],[-0.875,5.962]]}],"t":12},{"o":{"x":0.167,"y":0.167},"i":{"x":0.833,"y":0.833},"s":[{"c":true,"i":[[0,0],[-0.414,0],[0,-0.414],[0,0],[0.414,0],[0,0.414]],"o":[[0,-0.414],[0.414,0],[0,0],[0,0.414],[-0.414,0],[0,0]],"v":[[-0.875,-5.766],[-0.125,-6.516],[0.625,-5.766],[0.625,6.196],[-0.125,6.946],[-0.875,6.196]]}],"t":14}]}},{"ty":"sh","bm":0,"cl":"","ln":"","hd":false,"mn":"","nm":"Path 2","d":1,"ks":{"a":1,"k":[{"o":{"x":0.04,"y":0},"i":{"x":0.86,"y":1},"s":[{"c":true,"i":[[0,0],[-0.414,0],[0,-0.414],[0,0],[0.414,0],[0,0.414]],"o":[[0,-0.414],[0.414,0],[0,0],[0,0.414],[-0.414,0],[0,0]],"v":[[-0.75,-5.981],[0,-6.731],[0.75,-5.981],[0.75,5.981],[0,6.731],[-0.75,5.981]]}],"t":12},{"o":{"x":0.167,"y":0.167},"i":{"x":0.833,"y":0.833},"s":[{"c":true,"i":[[0,0],[-0.414,0],[0,-0.414],[0,0],[0.414,0],[0,0.414]],"o":[[0,-0.414],[0.414,0],[0,0],[0,0.414],[-0.414,0],[0,0]],"v":[[-0.75,-5.747],[0,-6.497],[0.75,-5.747],[0.75,6.215],[0,6.965],[-0.75,6.215]]}],"t":14}]}},{"ty":"sh","bm":0,"cl":"","ln":"","hd":false,"mn":"","nm":"Path 3","d":1,"ks":{"a":1,"k":[{"o":{"x":0.04,"y":0},"i":{"x":0.833,"y":0.833},"s":[{"c":true,"i":[[0,0],[-0.414,0],[0,-0.414],[0,0],[0.414,0],[0,0.414]],"o":[[0,-0.414],[0.414,0],[0,0],[0,0.414],[-0.414,0],[0,0]],"v":[[-4.75,-5.981],[-4,-6.731],[-3.25,-5.981],[-3.25,5.981],[-4,6.731],[-4.75,5.981]]}],"t":7},{"o":{"x":0.04,"y":0},"i":{"x":0.86,"y":1},"s":[{"c":true,"i":[[0,0],[-0.414,0],[0,-0.414],[0,0],[0.414,0],[0,0.414]],"o":[[0,-0.414],[0.414,0],[0,0],[0,0.414],[-0.414,0],[0,0]],"v":[[-0.844,-5.981],[-0.094,-6.731],[0.656,-5.981],[0.656,5.981],[-0.094,6.731],[-0.844,5.981]]}],"t":12},{"o":{"x":0.167,"y":0.167},"i":{"x":0.833,"y":0.833},"s":[{"c":true,"i":[[0,0],[-0.414,0],[0,-0.414],[0,0],[0.414,0],[0,0.414]],"o":[[0,-0.414],[0.414,0],[0,0],[0,0.414],[-0.414,0],[0,0]],"v":[[-0.844,-5.747],[-0.094,-6.497],[0.656,-5.747],[0.656,6.215],[-0.094,6.965],[-0.844,6.215]]}],"t":14}]}},{"ty":"mm","bm":0,"cl":"","ln":"","hd":false,"mn":"","nm":"Merge Paths 1","mm":1},{"ty":"fl","bm":0,"cl":"","ln":"","hd":false,"mn":"","nm":"Fill 1","c":{"a":0,"k":[0.8314,0.2745,0.2745]},"r":1,"o":{"a":0,"k":100}},{"ty":"tr","a":{"a":0,"k":[0,0]},"s":{"a":0,"k":[100,100]},"sk":{"a":0,"k":0},"p":{"a":0,"k":[16,19.961]},"r":{"a":0,"k":0},"sa":{"a":0,"k":0},"o":{"a":0,"k":100}}]}],"ind":3},{"ty":4,"nm":"handle Outlines","mn":"","sr":1,"st":-14,"op":14,"ip":0,"hd":false,"cl":"","ln":"","ddd":0,"bm":0,"hasMask":false,"ao":0,"ks":{"a":{"a":0,"k":[16,3.737,0]},"s":{"a":0,"k":[80,80,100]},"sk":{"a":0,"k":0},"p":{"a":0,"k":[16,3.737,0]},"r":{"a":0,"k":0},"sa":{"a":0,"k":0},"o":{"a":0,"k":100}},"ef":[],"shapes":[{"ty":"gr","bm":0,"cl":"","ln":"","hd":false,"mn":"","nm":"Group 1","np":0,"it":[{"ty":"sh","bm":0,"cl":"","ln":"","hd":false,"mn":"","nm":"Path 1","d":1,"ks":{"a":0,"k":{"c":true,"i":[[0,0],[0.276,0],[0,0],[0,-0.276],[0,0],[0,0]],"o":[[0,-0.276],[0,0],[-0.276,0],[0,0],[0,0],[0,0]],"v":[[2.5,-0.736],[2,-1.236],[-2,-1.236],[-2.5,-0.736],[-2.5,1.236],[2.5,1.236]]}}},{"ty":"sh","bm":0,"cl":"","ln":"","hd":false,"mn":"","nm":"Path 2","d":1,"ks":{"a":0,"k":{"c":true,"i":[[-1.104,0],[0,0],[0,-1.104],[0,0],[0,0],[0,0]],"o":[[0,0],[1.104,0],[0,0],[0,0],[0,0],[0,-1.104]],"v":[[-2,-2.736],[2,-2.736],[4,-0.736],[4,2.736],[-4,2.736],[-4,-0.736]]}}},{"ty":"mm","bm":0,"cl":"","ln":"","hd":false,"mn":"","nm":"Merge Paths 1","mm":1},{"ty":"fl","bm":0,"cl":"","ln":"","hd":false,"mn":"","nm":"Fill 1","c":{"a":0,"k":[0.8314,0.2745,0.2745]},"r":1,"o":{"a":0,"k":100}},{"ty":"tr","a":{"a":0,"k":[0,0]},"s":{"a":0,"k":[100,100]},"sk":{"a":0,"k":0},"p":{"a":0,"k":[16,3.737]},"r":{"a":0,"k":0},"sa":{"a":0,"k":0},"o":{"a":0,"k":100}}]},{"ty":"tm","bm":0,"cl":"","ln":"","hd":false,"mn":"","nm":"Trim Paths 1","e":{"a":0,"k":100},"o":{"a":0,"k":0},"s":{"a":0,"k":0},"m":2}],"ind":4,"parent":5},{"ty":4,"nm":"lid Outlines","mn":"","sr":1,"st":-14,"op":14,"ip":0,"hd":false,"cl":"","ln":"","ddd":0,"bm":0,"hasMask":false,"ao":0,"ks":{"a":{"a":0,"k":[23.703,8.875,0]},"s":{"a":0,"k":[80,80,100]},"sk":{"a":0,"k":0},"p":{"a":0,"k":[29.847,18.006,0]},"r":{"a":1,"k":[{"o":{"x":0.81,"y":0},"i":{"x":0.19,"y":1},"s":[13],"t":1},{"o":{"x":0.167,"y":0.167},"i":{"x":0.833,"y":0.833},"s":[0],"t":9}]},"sa":{"a":0,"k":0},"o":{"a":0,"k":100}},"ef":[],"shapes":[{"ty":"gr","bm":0,"cl":"","ln":"","hd":false,"mn":"","nm":"Group 1","np":0,"it":[{"ty":"sh","bm":0,"cl":"","ln":"","hd":false,"mn":"","nm":"Path 1","d":1,"ks":{"a":0,"k":{"c":true,"i":[[0,0],[0,0],[0.276,0],[0,0],[0,-0.276],[0,0]],"o":[[0,0],[0,-0.276],[0,0],[-0.276,0],[0,0],[0,0]],"v":[[9.5,1.5],[9.5,-1],[9,-1.5],[-9,-1.5],[-9.5,-1],[-9.5,1.5]]}}},{"ty":"sh","bm":0,"cl":"","ln":"","hd":false,"mn":"","nm":"Path 2","d":1,"ks":{"a":0,"k":{"c":true,"i":[[-1.104,0],[0,0],[0,-1.104],[0,0],[0,0],[0,0]],"o":[[0,0],[1.104,0],[0,0],[0,0],[0,0],[0,-1.104]],"v":[[-9,-3],[9,-3],[11,-1],[11,3],[-11,3],[-11,-1]]}}},{"ty":"mm","bm":0,"cl":"","ln":"","hd":false,"mn":"","nm":"Merge Paths 1","mm":1},{"ty":"fl","bm":0,"cl":"","ln":"","hd":false,"mn":"","nm":"Fill 1","c":{"a":0,"k":[0.8314,0.2745,0.2745]},"r":1,"o":{"a":0,"k":100}},{"ty":"tr","a":{"a":0,"k":[0,0]},"s":{"a":0,"k":[100,100]},"sk":{"a":0,"k":0},"p":{"a":0,"k":[16,8]},"r":{"a":0,"k":0},"sa":{"a":0,"k":0},"o":{"a":0,"k":100}}]}],"ind":5},{"ty":4,"nm":"body Outlines","mn":"","sr":1,"st":-14,"op":14,"ip":0,"hd":false,"cl":"","ln":"","ddd":0,"bm":0,"hasMask":false,"ao":0,"ks":{"a":{"a":0,"k":[16,19.753,0]},"s":{"a":0,"k":[80,80,100]},"sk":{"a":0,"k":0},"p":{"a":0,"k":[24,27.065,0]},"r":{"a":0,"k":0},"sa":{"a":0,"k":0},"o":{"a":0,"k":100}},"ef":[],"shapes":[{"ty":"gr","bm":0,"cl":"","ln":"","hd":false,"mn":"","nm":"Group 1","np":0,"it":[{"ty":"sh","bm":0,"cl":"","ln":"","hd":false,"mn":"","nm":"Path 1","d":1,"ks":{"a":0,"k":{"c":true,"i":[[0,0],[0,0],[-0.276,0],[0,0],[0,0.276],[0,0]],"o":[[0,0],[0,0.276],[0,0],[0.276,0],[0,0],[0,0]],"v":[[-7.5,-8.747],[-7.5,8.247],[-7,8.747],[7,8.747],[7.5,8.247],[7.5,-8.747]]}}},{"ty":"sh","bm":0,"cl":"","ln":"","hd":false,"mn":"","nm":"Path 2","d":1,"ks":{"a":0,"k":{"c":true,"i":[[0,0],[0,0],[0,0],[1.104,0],[0,0],[0,1.104]],"o":[[0,0],[0,0],[0,1.104],[0,0],[-1.104,0],[0,0]],"v":[[-9,-10.247],[9,-10.247],[9,8.247],[7,10.247],[-7,10.247],[-9,8.247]]}}},{"ty":"mm","bm":0,"cl":"","ln":"","hd":false,"mn":"","nm":"Merge Paths 1","mm":1},{"ty":"fl","bm":0,"cl":"","ln":"","hd":false,"mn":"","nm":"Fill 1","c":{"a":0,"k":[0.8314,0.2745,0.2745]},"r":1,"o":{"a":0,"k":100}},{"ty":"tr","a":{"a":0,"k":[0,0]},"s":{"a":0,"k":[100,100]},"sk":{"a":0,"k":0},"p":{"a":0,"k":[16,19.753]},"r":{"a":0,"k":0},"sa":{"a":0,"k":0},"o":{"a":0,"k":100}}]}],"ind":6},{"ty":4,"nm":"BG 2","mn":"","sr":1,"st":-26,"op":14,"ip":0,"hd":false,"cl":"","ln":"","ddd":0,"bm":0,"hasMask":false,"ao":0,"ks":{"a":{"a":0,"k":[0,0,0]},"s":{"a":0,"k":[125,125,100]},"sk":{"a":0,"k":0},"p":{"a":0,"k":[24,24,0]},"r":{"a":0,"k":0},"sa":{"a":0,"k":0},"o":{"a":1,"k":[{"o":{"x":0.333,"y":0},"i":{"x":0.833,"y":1},"s":[100],"t":1},{"o":{"x":0.333,"y":0},"i":{"x":0.667,"y":1},"s":[100],"t":7},{"o":{"x":0.167,"y":0.167},"i":{"x":0.833,"y":0.833},"s":[0],"t":14}]}},"ef":[],"shapes":[{"ty":"gr","bm":0,"cl":"","ln":"","hd":false,"mn":"","nm":"Ellipse 1","np":0,"it":[{"ty":"sh","bm":0,"cl":"","ln":"","hd":false,"mn":"","nm":"Path 1","d":1,"ks":{"a":0,"k":{"c":true,"i":[[9.731,0],[0,-9.731],[-9.731,0],[0,9.731]],"o":[[-9.731,0],[0,9.731],[9.731,0],[0,-9.731]],"v":[[0,-17.619],[-17.619,0],[0,17.619],[17.619,0]]}}},{"ty":"st","bm":0,"cl":"","ln":"","hd":false,"mn":"","nm":"Stroke 1","lc":1,"lj":1,"ml":4,"o":{"a":0,"k":100},"w":{"a":0,"k":1},"d":[],"c":{"a":0,"k":[0.9059,0.9725,0.9804]}},{"ty":"fl","bm":0,"cl":"","ln":"","hd":false,"mn":"","nm":"Fill 1","c":{"a":0,"k":[0.8902,0.9765,0.9804]},"r":1,"o":{"a":0,"k":100}},{"ty":"tr","a":{"a":0,"k":[0,0]},"s":{"a":0,"k":[100,100]},"sk":{"a":0,"k":0},"p":{"a":0,"k":[0,0]},"r":{"a":0,"k":0},"sa":{"a":0,"k":0},"o":{"a":0,"k":100}}]}],"ind":7},{"ty":4,"nm":"BG","mn":"","sr":1,"st":-14,"op":60,"ip":21,"hd":false,"cl":"","ln":"","ddd":0,"bm":0,"hasMask":false,"ao":0,"ks":{"a":{"a":0,"k":[0,0,0]},"s":{"a":0,"k":[125,125,100]},"sk":{"a":0,"k":0},"p":{"a":0,"k":[24,24,0]},"r":{"a":0,"k":180},"sa":{"a":0,"k":0},"o":{"a":0,"k":100}},"ef":[],"shapes":[{"ty":"gr","bm":0,"cl":"","ln":"","hd":false,"mn":"","nm":"Ellipse 1","np":0,"it":[{"ty":"sh","bm":0,"cl":"","ln":"","hd":false,"mn":"","nm":"Path 1","d":1,"ks":{"a":0,"k":{"c":true,"i":[[9.731,0],[0,-9.731],[-9.731,0],[0,9.731]],"o":[[-9.731,0],[0,9.731],[9.731,0],[0,-9.731]],"v":[[0,-17.619],[-17.619,0],[0,17.619],[17.619,0]]}}},{"ty":"st","bm":0,"cl":"","ln":"","hd":false,"mn":"","nm":"Stroke 1","lc":1,"lj":1,"ml":4,"o":{"a":0,"k":100},"w":{"a":0,"k":1},"d":[],"c":{"a":0,"k":[0.8314,0.2745,0.2745]}},{"ty":"tr","a":{"a":0,"k":[0,0]},"s":{"a":0,"k":[100,100]},"sk":{"a":0,"k":0},"p":{"a":0,"k":[0,0]},"r":{"a":0,"k":0},"sa":{"a":0,"k":0},"o":{"a":0,"k":100}}]},{"ty":"tm","bm":0,"cl":"","ln":"","hd":false,"mn":"","nm":"Trim Paths 1","e":{"a":1,"k":[{"o":{"x":0.72,"y":0},"i":{"x":0.833,"y":0.771},"s":[0],"t":21},{"o":{"x":0.167,"y":0.167},"i":{"x":0.833,"y":0.833},"s":[100],"t":32}]},"o":{"a":0,"k":0},"s":{"a":0,"k":0},"m":1}],"ind":8},{"ty":4,"nm":"BG 3","mn":"","sr":1,"st":-18,"op":39,"ip":17,"hd":false,"cl":"","ln":"","ddd":0,"bm":0,"hasMask":false,"ao":0,"ks":{"a":{"a":0,"k":[0,0,0]},"s":{"a":0,"k":[125,125,100]},"sk":{"a":0,"k":0},"p":{"a":0,"k":[24,24,0]},"r":{"a":0,"k":180},"sa":{"a":0,"k":0},"o":{"a":0,"k":100}},"ef":[],"shapes":[{"ty":"gr","bm":0,"cl":"","ln":"","hd":false,"mn":"","nm":"Ellipse 1","np":0,"it":[{"ty":"sh","bm":0,"cl":"","ln":"","hd":false,"mn":"","nm":"Path 1","d":1,"ks":{"a":0,"k":{"c":true,"i":[[9.731,0],[0,-9.731],[-9.731,0],[0,9.731]],"o":[[-9.731,0],[0,9.731],[9.731,0],[0,-9.731]],"v":[[0,-17.619],[-17.619,0],[0,17.619],[17.619,0]]}}},{"ty":"st","bm":0,"cl":"","ln":"","hd":false,"mn":"","nm":"Stroke 1","lc":1,"lj":1,"ml":4,"o":{"a":0,"k":100},"w":{"a":0,"k":1},"d":[],"c":{"a":0,"k":[0.8314,0.2745,0.2745]}},{"ty":"tr","a":{"a":0,"k":[0,0]},"s":{"a":0,"k":[100,100]},"sk":{"a":0,"k":0},"p":{"a":0,"k":[0,0]},"r":{"a":0,"k":0},"sa":{"a":0,"k":0},"o":{"a":0,"k":100}}]},{"ty":"tm","bm":0,"cl":"","ln":"","hd":false,"mn":"","nm":"Trim Paths 1","e":{"a":1,"k":[{"o":{"x":0.72,"y":0},"i":{"x":0.833,"y":0.687},"s":[0],"t":17},{"o":{"x":0.167,"y":0.167},"i":{"x":0.833,"y":0.833},"s":[100],"t":32}]},"o":{"a":0,"k":0},"s":{"a":0,"k":0},"m":1}],"ind":9}],"ddd":0,"h":48,"w":48,"meta":{"a":"","k":"","d":"","g":"@lottiefiles/toolkit-js 0.22.1","tc":"#000000"},"v":"5.5.1","fr":30,"op":60,"ip":0,"assets":[]}