{"v":"5.5.1","fr":30,"ip":0,"op":60,"w":48,"h":48,"nm":"trash-to-tick-v2","ddd":0,"assets":[],"layers":[{"ddd":0,"ind":1,"ty":4,"nm":"Shape Layer 1","sr":1,"ks":{"o":{"a":0,"k":100},"r":{"a":0,"k":0},"p":{"a":0,"k":[23.219,22.875,0]},"a":{"a":0,"k":[0,0,0]},"s":{"a":0,"k":[100,100,100]}},"ao":0,"shapes":[{"ty":"gr","it":[{"ind":0,"ty":"sh","ks":{"a":0,"k":{"i":[[0,0],[0,0],[0,0]],"o":[[0,0],[0,0],[0,0]],"v":[[-10.938,2.375],[-2,9.688],[13.688,-9.625]],"c":false}},"nm":"Path 1","hd":false},{"ty":"st","c":{"a":0,"k":[0.8313725490196079,0.27450980392156865,0.27450980392156865,1]},"o":{"a":0,"k":100},"w":{"a":0,"k":3},"lc":2,"lj":2,"bm":0,"nm":"Stroke 1","hd":false},{"ty":"tr","p":{"a":0,"k":[0,0]},"a":{"a":0,"k":[0,0]},"s":{"a":0,"k":[100,100]},"r":{"a":0,"k":0},"o":{"a":0,"k":100},"sk":{"a":0,"k":0},"sa":{"a":0,"k":0},"nm":"Transform"}],"nm":"Shape 1","bm":0,"hd":false},{"ty":"tm","s":{"a":1,"k":[{"i":{"x":[0.87],"y":[1]},"o":{"x":[0.75],"y":[0]},"t":25,"s":[0],"e":[19]},{"i":{"x":[0.87],"y":[1]},"o":{"x":[0.75],"y":[0]},"t":36,"s":[19],"e":[9]},{"t":41}]},"e":{"a":1,"k":[{"i":{"x":[0.87],"y":[1]},"o":{"x":[0.75],"y":[0]},"t":25,"s":[0],"e":[92]},{"i":{"x":[0.87],"y":[1]},"o":{"x":[0.75],"y":[0]},"t":36,"s":[92],"e":[84]},{"t":41}]},"o":{"a":0,"k":0},"m":1,"nm":"Trim Paths 1","hd":false}],"ip":24,"op":60,"st":-18,"bm":0},{"ddd":0,"ind":2,"ty":4,"nm":"stripes Outlines 2","sr":1,"ks":{"o":{"a":0,"k":100},"r":{"a":0,"k":0},"p":{"a":1,"k":[{"i":{"x":0.19,"y":1},"o":{"x":0.81,"y":0},"t":8,"s":[24,27.274,0],"e":[24,27.961,0],"to":[0,0.115,0],"ti":[0,-3.427,0]},{"i":{"x":0.19,"y":1},"o":{"x":0.81,"y":0},"t":14,"s":[24,27.961,0],"e":[24,47.836,0],"to":[0,3.427,0],"ti":[0,-3.312,0]},{"t":18}]},"a":{"a":0,"k":[16,19.961,0]},"s":{"a":0,"k":[80,80,100]}},"ao":0,"shapes":[{"ty":"gr","it":[{"ind":0,"ty":"sh","ks":{"a":0,"k":{"i":[[0,0],[-0.414,0],[0,-0.414],[0,0],[0.414,0],[0,0.414]],"o":[[0,-0.414],[0.414,0],[0,0],[0,0.414],[-0.414,0],[0,0]],"v":[[-0.75,-5.981],[0,-6.731],[0.75,-5.981],[0.75,5.981],[0,6.731],[-0.75,5.981]],"c":true}},"nm":"Path 2","hd":false},{"ty":"mm","mm":1,"nm":"Merge Paths 1","hd":false},{"ty":"fl","c":{"a":0,"k":[0.8313725490196079,0.27450980392156865,0.27450980392156865,1]},"o":{"a":0,"k":100},"r":1,"bm":0,"nm":"Fill 1","hd":false},{"ty":"tr","p":{"a":0,"k":[16,19.961]},"a":{"a":0,"k":[0,0]},"s":{"a":0,"k":[100,100]},"r":{"a":0,"k":0},"o":{"a":0,"k":100},"sk":{"a":0,"k":0},"sa":{"a":0,"k":0},"nm":"Transform"}],"nm":"Group 1","bm":0,"hd":false}],"ip":14,"op":18,"st":14,"bm":0},{"ddd":0,"ind":3,"ty":4,"nm":"stripes Outlines","sr":1,"ks":{"o":{"a":0,"k":100},"r":{"a":0,"k":0},"p":{"a":0,"k":[24,27.274,0]},"a":{"a":0,"k":[16,19.961,0]},"s":{"a":0,"k":[80,80,100]}},"ao":0,"shapes":[{"ty":"gr","it":[{"ind":0,"ty":"sh","ks":{"a":1,"k":[{"i":{"x":0.86,"y":1},"o":{"x":0.333,"y":0},"t":7,"s":[{"i":[[0,0],[-0.414,0],[0,-0.414],[0,0],[0.414,0],[0,0.414]],"o":[[0,-0.414],[0.414,0],[0,0],[0,0.414],[-0.414,0],[0,0]],"v":[[3.25,-5.981],[4,-6.731],[4.75,-5.981],[4.75,5.981],[4,6.731],[3.25,5.981]],"c":true}],"e":[{"i":[[0,0],[-0.414,0],[0,-0.414],[0,0],[0.414,0],[0,0.414]],"o":[[0,-0.414],[0.414,0],[0,0],[0,0.414],[-0.414,0],[0,0]],"v":[[-0.875,-6],[-0.125,-6.75],[0.625,-6],[0.625,5.962],[-0.125,6.712],[-0.875,5.962]],"c":true}]},{"i":{"x":0.86,"y":1},"o":{"x":0.167,"y":0},"t":12,"s":[{"i":[[0,0],[-0.414,0],[0,-0.414],[0,0],[0.414,0],[0,0.414]],"o":[[0,-0.414],[0.414,0],[0,0],[0,0.414],[-0.414,0],[0,0]],"v":[[-0.875,-6],[-0.125,-6.75],[0.625,-6],[0.625,5.962],[-0.125,6.712],[-0.875,5.962]],"c":true}],"e":[{"i":[[0,0],[-0.414,0],[0,-0.414],[0,0],[0.414,0],[0,0.414]],"o":[[0,-0.414],[0.414,0],[0,0],[0,0.414],[-0.414,0],[0,0]],"v":[[-0.875,-5.766],[-0.125,-6.516],[0.625,-5.766],[0.625,6.196],[-0.125,6.946],[-0.875,6.196]],"c":true}]},{"t":14}]},"nm":"Path 1","hd":false},{"ind":1,"ty":"sh","ks":{"a":1,"k":[{"i":{"x":0.86,"y":1},"o":{"x":0.04,"y":0},"t":12,"s":[{"i":[[0,0],[-0.414,0],[0,-0.414],[0,0],[0.414,0],[0,0.414]],"o":[[0,-0.414],[0.414,0],[0,0],[0,0.414],[-0.414,0],[0,0]],"v":[[-0.75,-5.981],[0,-6.731],[0.75,-5.981],[0.75,5.981],[0,6.731],[-0.75,5.981]],"c":true}],"e":[{"i":[[0,0],[-0.414,0],[0,-0.414],[0,0],[0.414,0],[0,0.414]],"o":[[0,-0.414],[0.414,0],[0,0],[0,0.414],[-0.414,0],[0,0]],"v":[[-0.75,-5.747],[0,-6.497],[0.75,-5.747],[0.75,6.215],[0,6.965],[-0.75,6.215]],"c":true}]},{"t":14}]},"nm":"Path 2","hd":false},{"ind":2,"ty":"sh","ks":{"a":1,"k":[{"i":{"x":0.833,"y":0.833},"o":{"x":0.04,"y":0},"t":7,"s":[{"i":[[0,0],[-0.414,0],[0,-0.414],[0,0],[0.414,0],[0,0.414]],"o":[[0,-0.414],[0.414,0],[0,0],[0,0.414],[-0.414,0],[0,0]],"v":[[-4.75,-5.981],[-4,-6.731],[-3.25,-5.981],[-3.25,5.981],[-4,6.731],[-4.75,5.981]],"c":true}],"e":[{"i":[[0,0],[-0.414,0],[0,-0.414],[0,0],[0.414,0],[0,0.414]],"o":[[0,-0.414],[0.414,0],[0,0],[0,0.414],[-0.414,0],[0,0]],"v":[[-0.844,-5.981],[-0.094,-6.731],[0.656,-5.981],[0.656,5.981],[-0.094,6.731],[-0.844,5.981]],"c":true}]},{"i":{"x":0.86,"y":1},"o":{"x":0.04,"y":0},"t":12,"s":[{"i":[[0,0],[-0.414,0],[0,-0.414],[0,0],[0.414,0],[0,0.414]],"o":[[0,-0.414],[0.414,0],[0,0],[0,0.414],[-0.414,0],[0,0]],"v":[[-0.844,-5.981],[-0.094,-6.731],[0.656,-5.981],[0.656,5.981],[-0.094,6.731],[-0.844,5.981]],"c":true}],"e":[{"i":[[0,0],[-0.414,0],[0,-0.414],[0,0],[0.414,0],[0,0.414]],"o":[[0,-0.414],[0.414,0],[0,0],[0,0.414],[-0.414,0],[0,0]],"v":[[-0.844,-5.747],[-0.094,-6.497],[0.656,-5.747],[0.656,6.215],[-0.094,6.965],[-0.844,6.215]],"c":true}]},{"t":14}]},"nm":"Path 3","hd":false},{"ty":"mm","mm":1,"nm":"Merge Paths 1","hd":false},{"ty":"fl","c":{"a":0,"k":[0.8313725490196079,0.27450980392156865,0.27450980392156865,1]},"o":{"a":0,"k":100},"r":1,"bm":0,"nm":"Fill 1","hd":false},{"ty":"tr","p":{"a":0,"k":[16,19.961]},"a":{"a":0,"k":[0,0]},"s":{"a":0,"k":[100,100]},"r":{"a":0,"k":0},"o":{"a":0,"k":100},"sk":{"a":0,"k":0},"sa":{"a":0,"k":0},"nm":"Transform"}],"nm":"Group 1","bm":0,"hd":false}],"ip":0,"op":14,"st":-14,"bm":0},{"ddd":0,"ind":4,"ty":4,"nm":"handle Outlines","parent":5,"sr":1,"ks":{"o":{"a":0,"k":100},"r":{"a":0,"k":0},"p":{"a":0,"k":[16,3.737,0]},"a":{"a":0,"k":[16,3.737,0]},"s":{"a":0,"k":[80,80,100]}},"ao":0,"shapes":[{"ty":"gr","it":[{"ind":0,"ty":"sh","ks":{"a":0,"k":{"i":[[0,0],[0.276,0],[0,0],[0,-0.276],[0,0],[0,0]],"o":[[0,-0.276],[0,0],[-0.276,0],[0,0],[0,0],[0,0]],"v":[[2.5,-0.736],[2,-1.236],[-2,-1.236],[-2.5,-0.736],[-2.5,1.236],[2.5,1.236]],"c":true}},"nm":"Path 1","hd":false},{"ind":1,"ty":"sh","ks":{"a":0,"k":{"i":[[-1.104,0],[0,0],[0,-1.104],[0,0],[0,0],[0,0]],"o":[[0,0],[1.104,0],[0,0],[0,0],[0,0],[0,-1.104]],"v":[[-2,-2.736],[2,-2.736],[4,-0.736],[4,2.736],[-4,2.736],[-4,-0.736]],"c":true}},"nm":"Path 2","hd":false},{"ty":"mm","mm":1,"nm":"Merge Paths 1","hd":false},{"ty":"fl","c":{"a":0,"k":[0.8313725490196079,0.27450980392156865,0.27450980392156865,1]},"o":{"a":0,"k":100},"r":1,"bm":0,"nm":"Fill 1","hd":false},{"ty":"tr","p":{"a":0,"k":[16,3.737]},"a":{"a":0,"k":[0,0]},"s":{"a":0,"k":[100,100]},"r":{"a":0,"k":0},"o":{"a":0,"k":100},"sk":{"a":0,"k":0},"sa":{"a":0,"k":0},"nm":"Transform"}],"nm":"Group 1","bm":0,"hd":false},{"ty":"tm","s":{"a":0,"k":0},"e":{"a":0,"k":100},"o":{"a":0,"k":0},"m":2,"nm":"Trim Paths 1","hd":false}],"ip":0,"op":14,"st":-14,"bm":0},{"ddd":0,"ind":5,"ty":4,"nm":"lid Outlines","sr":1,"ks":{"o":{"a":0,"k":100},"r":{"a":1,"k":[{"i":{"x":[0.19],"y":[1]},"o":{"x":[0.81],"y":[0]},"t":1,"s":[13],"e":[0]},{"t":9}]},"p":{"a":0,"k":[29.847,18.006,0]},"a":{"a":0,"k":[23.703,8.875,0]},"s":{"a":0,"k":[80,80,100]}},"ao":0,"shapes":[{"ty":"gr","it":[{"ind":0,"ty":"sh","ks":{"a":0,"k":{"i":[[0,0],[0,0],[0.276,0],[0,0],[0,-0.276],[0,0]],"o":[[0,0],[0,-0.276],[0,0],[-0.276,0],[0,0],[0,0]],"v":[[9.5,1.5],[9.5,-1],[9,-1.5],[-9,-1.5],[-9.5,-1],[-9.5,1.5]],"c":true}},"nm":"Path 1","hd":false},{"ind":1,"ty":"sh","ks":{"a":0,"k":{"i":[[-1.104,0],[0,0],[0,-1.104],[0,0],[0,0],[0,0]],"o":[[0,0],[1.104,0],[0,0],[0,0],[0,0],[0,-1.104]],"v":[[-9,-3],[9,-3],[11,-1],[11,3],[-11,3],[-11,-1]],"c":true}},"nm":"Path 2","hd":false},{"ty":"mm","mm":1,"nm":"Merge Paths 1","hd":false},{"ty":"fl","c":{"a":0,"k":[0.8313725490196079,0.27450980392156865,0.27450980392156865,1]},"o":{"a":0,"k":100},"r":1,"bm":0,"nm":"Fill 1","hd":false},{"ty":"tr","p":{"a":0,"k":[16,8]},"a":{"a":0,"k":[0,0]},"s":{"a":0,"k":[100,100]},"r":{"a":0,"k":0},"o":{"a":0,"k":100},"sk":{"a":0,"k":0},"sa":{"a":0,"k":0},"nm":"Transform"}],"nm":"Group 1","bm":0,"hd":false}],"ip":0,"op":14,"st":-14,"bm":0},{"ddd":0,"ind":6,"ty":4,"nm":"body Outlines","sr":1,"ks":{"o":{"a":0,"k":100},"r":{"a":0,"k":0},"p":{"a":0,"k":[24,27.065,0]},"a":{"a":0,"k":[16,19.753,0]},"s":{"a":0,"k":[80,80,100]}},"ao":0,"shapes":[{"ty":"gr","it":[{"ind":0,"ty":"sh","ks":{"a":0,"k":{"i":[[0,0],[0,0],[-0.276,0],[0,0],[0,0.276],[0,0]],"o":[[0,0],[0,0.276],[0,0],[0.276,0],[0,0],[0,0]],"v":[[-7.5,-8.747],[-7.5,8.247],[-7,8.747],[7,8.747],[7.5,8.247],[7.5,-8.747]],"c":true}},"nm":"Path 1","hd":false},{"ind":1,"ty":"sh","ks":{"a":0,"k":{"i":[[0,0],[0,0],[0,0],[1.104,0],[0,0],[0,1.104]],"o":[[0,0],[0,0],[0,1.104],[0,0],[-1.104,0],[0,0]],"v":[[-9,-10.247],[9,-10.247],[9,8.247],[7,10.247],[-7,10.247],[-9,8.247]],"c":true}},"nm":"Path 2","hd":false},{"ty":"mm","mm":1,"nm":"Merge Paths 1","hd":false},{"ty":"fl","c":{"a":0,"k":[0.8313725490196079,0.27450980392156865,0.27450980392156865,1]},"o":{"a":0,"k":100},"r":1,"bm":0,"nm":"Fill 1","hd":false},{"ty":"tr","p":{"a":0,"k":[16,19.753]},"a":{"a":0,"k":[0,0]},"s":{"a":0,"k":[100,100]},"r":{"a":0,"k":0},"o":{"a":0,"k":100},"sk":{"a":0,"k":0},"sa":{"a":0,"k":0},"nm":"Transform"}],"nm":"Group 1","bm":0,"hd":false}],"ip":0,"op":14,"st":-14,"bm":0},{"ddd":0,"ind":7,"ty":4,"nm":"BG 2","sr":1,"ks":{"o":{"a":1,"k":[{"i":{"x":[0.833],"y":[1]},"o":{"x":[0.333],"y":[0]},"t":1,"s":[100],"e":[100]},{"i":{"x":[0.667],"y":[1]},"o":{"x":[0.333],"y":[0]},"t":7,"s":[100],"e":[0]},{"t":14}]},"r":{"a":0,"k":0},"p":{"a":0,"k":[24,24,0]},"a":{"a":0,"k":[0,0,0]},"s":{"a":0,"k":[125,125,100]}},"ao":0,"shapes":[{"ty":"gr","it":[{"ind":0,"ty":"sh","ks":{"a":0,"k":{"i":[[9.731,0],[0,-9.731],[-9.731,0],[0,9.731]],"o":[[-9.731,0],[0,9.731],[9.731,0],[0,-9.731]],"v":[[0,-17.619],[-17.619,0],[0,17.619],[17.619,0]],"c":true}},"nm":"Path 1","hd":false},{"ty":"st","c":{"a":0,"k":[0.905882352941,0.973529411765,0.978431432387,1]},"o":{"a":0,"k":100},"w":{"a":0,"k":1},"lc":1,"lj":1,"ml":4,"bm":0,"nm":"Stroke 1","hd":false},{"ty":"fl","c":{"a":0,"k":[0.890196078431,0.976470588235,0.980392156863,1]},"o":{"a":0,"k":100},"r":1,"bm":0,"nm":"Fill 1","hd":false},{"ty":"tr","p":{"a":0,"k":[0,0]},"a":{"a":0,"k":[0,0]},"s":{"a":0,"k":[100,100]},"r":{"a":0,"k":0},"o":{"a":0,"k":100},"sk":{"a":0,"k":0},"sa":{"a":0,"k":0},"nm":"Transform"}],"nm":"Ellipse 1","bm":0,"hd":false}],"ip":0,"op":14,"st":-26,"bm":0},{"ddd":0,"ind":8,"ty":4,"nm":"BG","sr":1,"ks":{"o":{"a":0,"k":100},"r":{"a":0,"k":180},"p":{"a":0,"k":[24,24,0]},"a":{"a":0,"k":[0,0,0]},"s":{"a":0,"k":[125,125,100]}},"ao":0,"shapes":[{"ty":"gr","it":[{"ind":0,"ty":"sh","ks":{"a":0,"k":{"i":[[9.731,0],[0,-9.731],[-9.731,0],[0,9.731]],"o":[[-9.731,0],[0,9.731],[9.731,0],[0,-9.731]],"v":[[0,-17.619],[-17.619,0],[0,17.619],[17.619,0]],"c":true}},"nm":"Path 1","hd":false},{"ty":"st","c":{"a":0,"k":[0.8313725490196079,0.27450980392156865,0.27450980392156865,1]},"o":{"a":0,"k":100},"w":{"a":0,"k":1},"lc":1,"lj":1,"ml":4,"bm":0,"nm":"Stroke 1","hd":false},{"ty":"tr","p":{"a":0,"k":[0,0]},"a":{"a":0,"k":[0,0]},"s":{"a":0,"k":[100,100]},"r":{"a":0,"k":0},"o":{"a":0,"k":100},"sk":{"a":0,"k":0},"sa":{"a":0,"k":0},"nm":"Transform"}],"nm":"Ellipse 1","bm":0,"hd":false},{"ty":"tm","s":{"a":0,"k":0},"e":{"a":1,"k":[{"i":{"x":[0.833],"y":[0.771]},"o":{"x":[0.72],"y":[0]},"t":21,"s":[0],"e":[100]},{"t":32}]},"o":{"a":0,"k":0},"m":1,"nm":"Trim Paths 1","hd":false}],"ip":21,"op":60,"st":-14,"bm":0},{"ddd":0,"ind":9,"ty":4,"nm":"BG 3","sr":1,"ks":{"o":{"a":0,"k":100},"r":{"a":0,"k":180},"p":{"a":0,"k":[24,24,0]},"a":{"a":0,"k":[0,0,0]},"s":{"a":0,"k":[125,125,100]}},"ao":0,"shapes":[{"ty":"gr","it":[{"ind":0,"ty":"sh","ks":{"a":0,"k":{"i":[[9.731,0],[0,-9.731],[-9.731,0],[0,9.731]],"o":[[-9.731,0],[0,9.731],[9.731,0],[0,-9.731]],"v":[[0,-17.619],[-17.619,0],[0,17.619],[17.619,0]],"c":true}},"nm":"Path 1","hd":false},{"ty":"st","c":{"a":0,"k":[0.8313725490196079,0.27450980392156865,0.27450980392156865,1]},"o":{"a":0,"k":100},"w":{"a":0,"k":1},"lc":1,"lj":1,"ml":4,"bm":0,"nm":"Stroke 1","hd":false},{"ty":"tr","p":{"a":0,"k":[0,0]},"a":{"a":0,"k":[0,0]},"s":{"a":0,"k":[100,100]},"r":{"a":0,"k":0},"o":{"a":0,"k":100},"sk":{"a":0,"k":0},"sa":{"a":0,"k":0},"nm":"Transform"}],"nm":"Ellipse 1","bm":0,"hd":false},{"ty":"tm","s":{"a":0,"k":0},"e":{"a":1,"k":[{"i":{"x":[0.833],"y":[0.687]},"o":{"x":[0.72],"y":[0]},"t":17,"s":[0],"e":[100]},{"t":32}]},"o":{"a":0,"k":0},"m":1,"nm":"Trim Paths 1","hd":false}],"ip":17,"op":39,"st":-18,"bm":0}],"markers":[]}